period,TRX,JST,WBTT,WIN,NFT
20210611-20210618,22555106.14,22610000.0,48551446.370000005,127663578.14,67995882979.78001
20210618-20210625,22555106.14,21301000.0,48551446.370000005,127663578.14,67995882979.78001
20210625-20210702,22555106.14,21301000.0,48551446.370000005,127663578.14,67995882979.78001
20210702-20210709,22555106.14,21301000.0,48551446.370000005,127663578.14,67995882979.78001
20210709-20210716,25015078.27,20944000.0,48551446.370000005,127663578.14,67995882979.78001
20210716-20210723,25015078.27,20944000.0,48551446.370000005,127663578.14,67995882979.78001
20210723-20210730,25015078.27,20944000.0,48551446.370000005,127663578.14,67995882979.78001
20210730-20210806,25015078.27,20944000.0,48551446.370000005,127663578.14,67995882979.78001
